sale_id,channel,discounted,total_amount,sale_date,customer_id,country
1275,App Mobile,0,323.54,4/4/2025,655,Italy
1330,App Mobile,0,343.78,4/4/2025,277,Italy
1336,E-commerce,0,184.47,4/4/2025,557,Spain
168,App Mobile,0,482.74,4/4/2025,896,Portugal
20,E-commerce,0,665.8,4/4/2025,638,France
247,App Mobile,0,288.21,4/4/2025,672,Germany
329,E-commerce,0,605.24,4/4/2025,388,France
354,App Mobile,0,342.09,4/4/2025,545,Germany
511,E-commerce,0,515.44,4/4/2025,754,Spain
644,E-commerce,0,231.66,4/4/2025,374,Italy
67,App Mobile,0,414.7,4/4/2025,128,Netherlands
760,E-commerce,0,248.96,4/4/2025,172,Italy
798,E-commerce,0,341.26,4/4/2025,565,Spain
801,E-commerce,0,476.87,4/4/2025,876,Italy
1001,E-commerce,0,287.85,5/4/2025,349,Germany
1061,App Mobile,0,242.94,5/4/2025,201,France
1096,E-commerce,0,218.98,5/4/2025,867,France
116,App Mobile,0,195.35,5/4/2025,706,France
1207,App Mobile,0,278.18,5/4/2025,907,Spain
130,App Mobile,0,553.92,5/4/2025,962,Portugal
152,App Mobile,0,422.84,5/4/2025,759,France
188,E-commerce,0,530.73,5/4/2025,192,Spain
200,App Mobile,0,317.71,5/4/2025,162,Germany
288,App Mobile,0,732.73,5/4/2025,750,Spain
293,E-commerce,0,391.81,5/4/2025,373,Spain
399,App Mobile,0,392.48,5/4/2025,700,Portugal
408,E-commerce,0,448.55,5/4/2025,202,Netherlands
545,E-commerce,0,391.91,5/4/2025,99,Spain
654,App Mobile,0,328.98,5/4/2025,881,Portugal
753,App Mobile,0,368.2,5/4/2025,684,Netherlands
871,E-commerce,0,381.21,5/4/2025,996,Germany
985,E-commerce,0,239.39,5/4/2025,697,Germany
1031,App Mobile,0,281.67,6/4/2025,896,Portugal
1050,E-commerce,1,376.24,6/4/2025,122,Germany
1143,E-commerce,1,155.13,6/4/2025,472,France
1281,App Mobile,0,140.28,6/4/2025,772,Spain
1314,App Mobile,0,234.64,6/4/2025,776,Portugal
155,E-commerce,1,336.34,6/4/2025,516,Germany
215,E-commerce,1,399.74,6/4/2025,691,Italy
251,E-commerce,1,318.34,6/4/2025,996,Germany
358,App Mobile,0,603.85,6/4/2025,587,Germany
416,App Mobile,0,357.92,6/4/2025,336,Italy
512,App Mobile,0,412.13,6/4/2025,682,Portugal
559,E-commerce,1,393,6/4/2025,192,Spain
864,E-commerce,1,282.2,6/4/2025,867,France
872,E-commerce,1,116.41,6/4/2025,471,Netherlands
912,E-commerce,1,113.2,6/4/2025,39,France
1088,App Mobile,0,340,13/4/2025,385,Germany
1227,App Mobile,0,241.04,13/4/2025,780,Portugal
1248,App Mobile,0,190.53,13/4/2025,898,Italy
127,App Mobile,0,566.98,13/4/2025,490,Germany
158,E-commerce,0,393.98,13/4/2025,813,Germany
590,E-commerce,0,324.12,13/4/2025,512,Germany
665,E-commerce,0,440.01,13/4/2025,477,Spain
778,E-commerce,0,96.18,13/4/2025,548,Germany
780,App Mobile,0,242.5,13/4/2025,407,Italy
782,App Mobile,0,400.44,13/4/2025,19,Germany
88,App Mobile,0,577.9,13/4/2025,569,France
94,E-commerce,0,396.88,13/4/2025,165,France
1053,E-commerce,0,300.19,14/4/2025,620,Netherlands
1187,E-commerce,0,161.42,14/4/2025,365,France
1304,App Mobile,0,88.35,14/4/2025,839,Germany
151,E-commerce,0,396.18,14/4/2025,818,France
345,E-commerce,0,648.04,14/4/2025,929,Netherlands
375,E-commerce,0,420.74,14/4/2025,819,Italy
41,E-commerce,0,481.09,14/4/2025,367,Netherlands
474,App Mobile,0,549.22,14/4/2025,190,Italy
478,App Mobile,0,162.44,14/4/2025,957,France
529,App Mobile,0,341.18,14/4/2025,566,Italy
53,E-commerce,0,324.33,14/4/2025,885,Spain
623,E-commerce,0,284.26,14/4/2025,943,Italy
645,E-commerce,0,640.26,14/4/2025,776,Portugal
736,E-commerce,0,572.2,14/4/2025,505,Germany
82,E-commerce,0,753.88,14/4/2025,872,Netherlands
87,E-commerce,0,350.92,14/4/2025,863,Germany
975,App Mobile,0,437.07,14/4/2025,560,Germany
1024,App Mobile,0,391.65,15/4/2025,331,Spain
1178,App Mobile,0,286.19,15/4/2025,274,Germany
1193,E-commerce,0,388.54,15/4/2025,864,Netherlands
1259,E-commerce,0,296.24,15/4/2025,762,Spain
1272,App Mobile,0,188.26,15/4/2025,254,Italy
1300,E-commerce,0,303,15/4/2025,147,Germany
146,E-commerce,0,310.87,15/4/2025,420,Germany
171,E-commerce,0,564.17,15/4/2025,158,Netherlands
335,App Mobile,0,747.5,15/4/2025,642,Portugal
383,App Mobile,0,504.66,15/4/2025,451,France
401,E-commerce,0,523.89,15/4/2025,397,France
43,App Mobile,0,478.95,15/4/2025,217,Italy
451,E-commerce,0,485.52,15/4/2025,997,Italy
667,App Mobile,0,288.19,15/4/2025,218,Germany
689,App Mobile,0,405.34,15/4/2025,891,Portugal
918,E-commerce,0,256.76,15/4/2025,226,Netherlands
981,E-commerce,0,149.36,15/4/2025,733,Germany
1007,App Mobile,0,437.52,16/4/2025,53,Italy
1139,App Mobile,0,422.16,16/4/2025,21,France
1255,App Mobile,0,104.81,16/4/2025,464,Germany
1256,App Mobile,0,211.32,16/4/2025,393,France
13,App Mobile,0,696.62,16/4/2025,253,France
425,E-commerce,0,341.94,16/4/2025,124,France
635,App Mobile,0,347.37,16/4/2025,104,Netherlands
651,E-commerce,0,501.78,16/4/2025,225,France
708,App Mobile,0,231.49,16/4/2025,951,Portugal
750,E-commerce,0,230.45,16/4/2025,665,Portugal
799,App Mobile,0,251.92,16/4/2025,897,France
854,E-commerce,0,255.78,16/4/2025,254,Italy
857,App Mobile,0,377.18,16/4/2025,133,France
878,E-commerce,0,309.83,16/4/2025,800,Netherlands
946,App Mobile,0,192.66,16/4/2025,289,Netherlands
953,App Mobile,0,532.3,16/4/2025,400,Netherlands
1011,App Mobile,0,212.87,17/4/2025,161,Spain
1029,E-commerce,0,229.7,17/4/2025,554,France
1047,E-commerce,0,441.52,17/4/2025,161,Spain
1086,E-commerce,0,224.18,17/4/2025,561,France
1186,E-commerce,0,521.99,17/4/2025,749,Spain
1201,App Mobile,0,252.86,17/4/2025,625,Portugal
1320,E-commerce,0,91.9,17/4/2025,730,Spain
164,App Mobile,0,604.53,17/4/2025,442,Germany
318,E-commerce,0,376.3,17/4/2025,681,Germany
378,App Mobile,0,354.21,17/4/2025,943,Italy
466,E-commerce,0,573.78,17/4/2025,538,Netherlands
55,E-commerce,0,355.12,17/4/2025,511,France
659,App Mobile,0,610.09,17/4/2025,656,Germany
779,App Mobile,0,194.09,17/4/2025,577,Netherlands
846,App Mobile,0,425.02,17/4/2025,541,France
856,E-commerce,0,206.9,17/4/2025,648,Germany
863,E-commerce,0,384.64,17/4/2025,39,France
945,E-commerce,0,295.02,17/4/2025,304,France
990,App Mobile,0,458.36,17/4/2025,327,France
1064,E-commerce,0,286.5,18/4/2025,670,Italy
1111,App Mobile,0,204.48,18/4/2025,687,France
1183,App Mobile,0,464.44,18/4/2025,792,Italy
175,App Mobile,0,339.82,18/4/2025,113,Germany
184,E-commerce,0,403.3,18/4/2025,192,Spain
220,E-commerce,0,525.55,18/4/2025,566,Italy
252,App Mobile,0,336.11,18/4/2025,836,Germany
275,App Mobile,0,391.32,18/4/2025,58,Germany
310,E-commerce,0,503.83,18/4/2025,726,Germany
359,App Mobile,0,590.5,18/4/2025,503,Italy
389,E-commerce,0,265.11,18/4/2025,457,Germany
430,E-commerce,0,346.27,18/4/2025,654,Italy
562,App Mobile,0,552.4,18/4/2025,225,France
597,App Mobile,0,760.4,18/4/2025,132,France
637,App Mobile,0,298.98,18/4/2025,37,Netherlands
640,App Mobile,0,521.41,18/4/2025,196,Italy
705,E-commerce,0,190.64,18/4/2025,47,Germany
714,App Mobile,0,181.1,18/4/2025,764,France
890,E-commerce,0,323.23,18/4/2025,625,Portugal
907,E-commerce,0,247.13,18/4/2025,113,Germany
1049,App Mobile,0,291.23,19/4/2025,294,Italy
1113,App Mobile,0,304.05,19/4/2025,958,Germany
1115,E-commerce,0,501.76,19/4/2025,872,Netherlands
1160,E-commerce,0,326.35,19/4/2025,264,Netherlands
1206,E-commerce,0,310.54,19/4/2025,701,Spain
1224,E-commerce,0,172.89,19/4/2025,461,Germany
124,E-commerce,0,245.7,19/4/2025,99,Spain
128,E-commerce,0,282.19,19/4/2025,115,Germany
1309,App Mobile,0,299.49,19/4/2025,131,Germany
1327,E-commerce,0,113.56,19/4/2025,770,Portugal
274,E-commerce,0,157.15,19/4/2025,349,Germany
326,E-commerce,0,666.64,19/4/2025,472,France
350,E-commerce,0,529.4,19/4/2025,129,France
447,App Mobile,0,433.9,19/4/2025,727,Portugal
486,App Mobile,0,291.32,19/4/2025,241,Spain
530,App Mobile,0,547.16,19/4/2025,398,Spain
618,App Mobile,0,227.85,19/4/2025,653,Portugal
716,E-commerce,0,483.65,19/4/2025,508,Italy
767,App Mobile,0,423.12,19/4/2025,427,Spain
790,E-commerce,0,639.14,19/4/2025,829,Portugal
850,E-commerce,0,472.29,19/4/2025,658,Italy
880,App Mobile,0,242.44,19/4/2025,380,Italy
903,App Mobile,0,446.43,19/4/2025,727,Portugal
104,App Mobile,0,555.25,20/4/2025,373,Spain
1209,E-commerce,0,208.57,20/4/2025,90,Germany
132,App Mobile,0,395.09,20/4/2025,839,Germany
144,App Mobile,0,296.59,20/4/2025,961,Germany
239,E-commerce,0,710.55,20/4/2025,2,France
371,E-commerce,0,459.42,20/4/2025,470,Italy
387,E-commerce,0,362.98,20/4/2025,2,France
432,E-commerce,0,432.21,20/4/2025,432,Germany
467,App Mobile,0,425.23,20/4/2025,220,Germany
668,E-commerce,0,321.6,20/4/2025,167,France
742,App Mobile,0,227.27,20/4/2025,123,Italy
765,E-commerce,0,536.98,20/4/2025,417,Spain
820,E-commerce,0,463.74,20/4/2025,280,Germany
915,E-commerce,0,241.74,20/4/2025,672,Germany
96,E-commerce,0,522.01,20/4/2025,135,France
978,E-commerce,0,355.24,20/4/2025,634,Portugal
991,App Mobile,0,200.08,20/4/2025,734,Netherlands
100,App Mobile,0,681.05,21/4/2025,518,Germany
1247,E-commerce,0,540.15,21/4/2025,563,Netherlands
1292,E-commerce,0,390.07,21/4/2025,338,Spain
1344,App Mobile,0,179.43,21/4/2025,857,Germany
230,App Mobile,0,404.19,21/4/2025,428,Spain
32,App Mobile,0,540.69,21/4/2025,982,Italy
338,E-commerce,0,410.86,21/4/2025,670,Italy
370,App Mobile,0,186.88,21/4/2025,225,France
386,App Mobile,0,323.99,21/4/2025,445,Italy
400,App Mobile,0,487.91,21/4/2025,928,Netherlands
407,App Mobile,0,560,21/4/2025,12,Germany
566,E-commerce,0,382.77,21/4/2025,325,Germany
747,App Mobile,0,250.93,21/4/2025,442,Germany
763,E-commerce,0,301.16,21/4/2025,602,Portugal
795,App Mobile,0,275.01,21/4/2025,741,Portugal
812,E-commerce,0,246.26,21/4/2025,256,Italy
842,App Mobile,0,181.08,21/4/2025,636,Spain
861,E-commerce,0,406.56,21/4/2025,99,Spain
940,App Mobile,0,268.77,21/4/2025,988,Portugal
993,E-commerce,0,311.37,21/4/2025,99,Spain
1016,E-commerce,0,288.61,22/4/2025,973,Italy
1152,E-commerce,0,375.47,22/4/2025,157,Italy
1165,E-commerce,0,154.08,22/4/2025,664,France
1195,App Mobile,0,137.94,22/4/2025,403,Germany
1215,App Mobile,0,562.51,22/4/2025,638,France
1263,App Mobile,0,230.86,22/4/2025,974,Italy
1290,E-commerce,0,152.54,22/4/2025,99,Spain
1294,E-commerce,0,249.28,22/4/2025,407,Italy
131,E-commerce,0,625.66,22/4/2025,816,Netherlands
154,E-commerce,0,448.34,22/4/2025,551,France
3,App Mobile,0,337.56,22/4/2025,139,Germany
37,App Mobile,0,715.38,22/4/2025,720,Spain
534,App Mobile,0,385.1,22/4/2025,652,Germany
572,App Mobile,0,709.31,22/4/2025,506,France
639,E-commerce,0,499.62,22/4/2025,346,Italy
719,E-commerce,0,381.98,22/4/2025,992,Italy
727,E-commerce,0,330.45,22/4/2025,834,Netherlands
737,E-commerce,0,410.06,22/4/2025,802,Spain
885,App Mobile,0,273.51,22/4/2025,922,Spain
909,App Mobile,0,461.34,22/4/2025,739,Portugal
977,App Mobile,0,189.74,22/4/2025,415,France
979,E-commerce,0,228.04,22/4/2025,638,France
1218,App Mobile,0,293.92,23/4/2025,497,Germany
1234,App Mobile,0,338.34,23/4/2025,641,Spain
1280,App Mobile,0,168.2,23/4/2025,647,France
1339,App Mobile,0,121.01,23/4/2025,796,Netherlands
198,App Mobile,0,458.63,23/4/2025,302,Germany
226,App Mobile,0,401.31,23/4/2025,575,Netherlands
248,App Mobile,0,478.04,23/4/2025,99,Spain
33,E-commerce,0,227.32,23/4/2025,805,Germany
506,E-commerce,0,570.95,23/4/2025,963,Germany
616,E-commerce,0,243.91,23/4/2025,838,Spain
781,App Mobile,0,232.42,23/4/2025,639,Italy
832,E-commerce,0,266.58,23/4/2025,570,Spain
852,App Mobile,0,387.92,23/4/2025,745,Italy
866,App Mobile,0,411.3,23/4/2025,796,Netherlands
876,App Mobile,0,142.9,23/4/2025,513,France
1052,E-commerce,0,189.24,24/4/2025,563,Netherlands
1189,E-commerce,0,443.88,24/4/2025,131,Germany
1253,E-commerce,0,289.93,24/4/2025,611,Spain
1270,App Mobile,0,295.25,24/4/2025,459,France
1335,App Mobile,0,258.46,24/4/2025,999,Germany
231,E-commerce,0,385.35,24/4/2025,453,France
330,E-commerce,0,558.38,24/4/2025,920,Spain
360,App Mobile,0,568.53,24/4/2025,981,Spain
480,E-commerce,0,821.72,24/4/2025,455,Netherlands
626,App Mobile,0,147.29,24/4/2025,376,Germany
643,E-commerce,0,506.83,24/4/2025,259,Germany
655,E-commerce,0,511.39,24/4/2025,16,Germany
695,App Mobile,0,437.62,24/4/2025,634,Portugal
823,App Mobile,0,480.96,24/4/2025,323,Netherlands
925,E-commerce,0,343.79,24/4/2025,692,France
106,E-commerce,0,298.75,25/4/2025,21,France
1112,App Mobile,0,229.4,25/4/2025,953,France
1133,E-commerce,0,210.9,25/4/2025,745,Italy
114,App Mobile,0,280.43,25/4/2025,903,Spain
1184,App Mobile,0,126.28,25/4/2025,752,Italy
121,App Mobile,0,566.29,25/4/2025,867,France
160,App Mobile,0,663.69,25/4/2025,1,France
189,E-commerce,0,371.17,25/4/2025,684,Netherlands
224,App Mobile,0,607.94,25/4/2025,773,Spain
29,App Mobile,0,445.12,25/4/2025,208,France
452,App Mobile,0,341.2,25/4/2025,605,Spain
548,App Mobile,0,635.8,25/4/2025,916,Spain
557,App Mobile,0,423.11,25/4/2025,194,Netherlands
578,App Mobile,0,357.46,25/4/2025,849,Italy
672,App Mobile,0,337.28,25/4/2025,807,Germany
89,E-commerce,0,312.2,25/4/2025,46,Germany
952,E-commerce,0,258.61,25/4/2025,252,Italy
1161,App Mobile,0,282.2,26/4/2025,152,France
1315,App Mobile,0,409.24,26/4/2025,344,Netherlands
1331,App Mobile,0,257.03,26/4/2025,447,France
161,App Mobile,0,608.67,26/4/2025,703,Germany
306,E-commerce,0,257.31,26/4/2025,566,Italy
357,E-commerce,0,548.56,26/4/2025,519,Italy
382,E-commerce,0,692.47,26/4/2025,99,Spain
484,App Mobile,0,209.26,26/4/2025,218,Germany
500,E-commerce,0,680.33,26/4/2025,348,Germany
539,E-commerce,0,506.48,26/4/2025,422,Netherlands
543,E-commerce,0,403.83,26/4/2025,896,Portugal
622,E-commerce,0,194.57,26/4/2025,217,Italy
749,E-commerce,0,240.91,26/4/2025,993,Germany
757,E-commerce,0,309.83,26/4/2025,161,Spain
819,E-commerce,0,143.36,26/4/2025,653,Portugal
908,App Mobile,0,224.36,26/4/2025,196,Italy
967,App Mobile,0,281.54,26/4/2025,496,Italy
1004,App Mobile,0,104.73,27/4/2025,983,Germany
1138,E-commerce,0,375.32,27/4/2025,958,Germany
1177,E-commerce,0,405.31,27/4/2025,960,Germany
1216,App Mobile,0,105.22,27/4/2025,915,Spain
1225,App Mobile,0,232.25,27/4/2025,204,Germany
1329,App Mobile,0,94.92,27/4/2025,28,Spain
253,App Mobile,0,422.76,27/4/2025,233,France
35,E-commerce,0,433.96,27/4/2025,574,Italy
384,E-commerce,0,453.66,27/4/2025,242,Netherlands
403,App Mobile,0,336.24,27/4/2025,476,Germany
435,App Mobile,0,300.68,27/4/2025,613,Netherlands
541,App Mobile,0,505.76,27/4/2025,877,France
575,App Mobile,0,400.38,27/4/2025,5,Spain
729,E-commerce,0,350.42,27/4/2025,190,Italy
808,E-commerce,0,168.3,27/4/2025,153,France
811,App Mobile,0,427.27,27/4/2025,29,Spain
815,App Mobile,0,160.89,27/4/2025,506,France
879,E-commerce,0,206.99,27/4/2025,387,France
1054,App Mobile,0,238.03,28/4/2025,493,Germany
1084,E-commerce,0,495.83,28/4/2025,477,Spain
1237,E-commerce,0,400.86,28/4/2025,305,Germany
1262,E-commerce,0,345.74,28/4/2025,456,Italy
1312,App Mobile,0,429.04,28/4/2025,841,Spain
214,App Mobile,0,583.42,28/4/2025,572,Netherlands
23,App Mobile,0,457.32,28/4/2025,987,Portugal
233,E-commerce,0,374.24,28/4/2025,499,France
305,E-commerce,0,541.03,28/4/2025,878,Germany
436,App Mobile,0,345.59,28/4/2025,481,France
441,E-commerce,0,239.84,28/4/2025,858,Germany
475,App Mobile,0,513.94,28/4/2025,831,Germany
546,E-commerce,0,184.6,28/4/2025,787,Italy
602,E-commerce,0,447.92,28/4/2025,284,Italy
709,App Mobile,0,284.08,28/4/2025,596,Italy
745,E-commerce,0,120.29,28/4/2025,556,Italy
770,E-commerce,0,430.6,28/4/2025,714,Portugal
772,E-commerce,0,334.34,28/4/2025,970,Germany
853,App Mobile,0,150.6,28/4/2025,883,Italy
906,E-commerce,0,297.44,28/4/2025,664,France
1124,E-commerce,0,162.23,29/4/2025,314,Germany
1158,E-commerce,0,232.32,29/4/2025,764,France
1179,E-commerce,0,250.58,29/4/2025,462,Italy
1252,E-commerce,0,429.24,29/4/2025,986,Netherlands
1297,App Mobile,0,167.61,29/4/2025,14,Germany
17,E-commerce,0,515.1,29/4/2025,516,Germany
262,App Mobile,0,480.78,29/4/2025,28,Spain
284,App Mobile,0,362.54,29/4/2025,880,Portugal
369,E-commerce,0,257.37,29/4/2025,832,Italy
397,E-commerce,0,458.22,29/4/2025,17,France
448,App Mobile,0,319.3,29/4/2025,143,Netherlands
495,E-commerce,0,780.29,29/4/2025,762,Spain
740,E-commerce,0,415.23,29/4/2025,370,Netherlands
833,E-commerce,0,217.91,29/4/2025,511,France
942,E-commerce,0,376.17,29/4/2025,75,Italy
1013,App Mobile,0,178.68,30/4/2025,296,France
1044,App Mobile,0,428.76,30/4/2025,268,Germany
1070,App Mobile,0,246.2,30/4/2025,244,Netherlands
1251,App Mobile,0,202.77,30/4/2025,662,Italy
255,E-commerce,0,187.46,30/4/2025,509,Netherlands
291,E-commerce,0,696.69,30/4/2025,379,Germany
292,App Mobile,0,317.3,30/4/2025,103,France
391,E-commerce,0,718.22,30/4/2025,564,Italy
450,App Mobile,0,540.03,30/4/2025,640,France
470,App Mobile,0,526.46,30/4/2025,664,France
473,E-commerce,0,270.72,30/4/2025,820,Spain
510,E-commerce,0,227.01,30/4/2025,892,Germany
537,E-commerce,0,254.97,30/4/2025,897,France
556,E-commerce,0,553.83,30/4/2025,751,France
607,App Mobile,0,395.28,30/4/2025,785,France
647,E-commerce,0,379.16,30/4/2025,688,Italy
802,App Mobile,0,456.18,30/4/2025,920,Spain
1038,E-commerce,0,224.2,4/5/2025,203,Italy
115,App Mobile,0,169.37,4/5/2025,879,Netherlands
1162,App Mobile,0,490.12,4/5/2025,830,Italy
1231,App Mobile,0,535.45,4/5/2025,346,Italy
1271,E-commerce,0,314.71,4/5/2025,633,Spain
352,E-commerce,0,698.65,4/5/2025,231,France
516,E-commerce,0,390.32,4/5/2025,617,Netherlands
518,E-commerce,0,544.28,4/5/2025,455,Netherlands
521,App Mobile,0,538,4/5/2025,851,France
565,E-commerce,0,448.32,4/5/2025,751,France
63,App Mobile,0,431.64,4/5/2025,35,France
678,E-commerce,0,562.42,4/5/2025,37,Netherlands
722,App Mobile,0,238.35,4/5/2025,620,Netherlands
796,App Mobile,0,186.54,4/5/2025,754,Spain
924,E-commerce,0,430.55,4/5/2025,74,France
959,E-commerce,0,167.82,4/5/2025,959,Spain
1006,E-commerce,0,249.21,5/5/2025,309,Spain
1035,E-commerce,0,215.07,5/5/2025,857,Germany
1062,App Mobile,0,268.2,5/5/2025,100,Italy
1154,E-commerce,0,323.44,5/5/2025,314,Germany
1175,E-commerce,0,71.92,5/5/2025,664,France
1185,E-commerce,0,207.36,5/5/2025,15,Netherlands
212,App Mobile,0,300.97,5/5/2025,302,Germany
272,App Mobile,0,487.95,5/5/2025,718,Italy
361,E-commerce,0,684.03,5/5/2025,289,Netherlands
468,App Mobile,0,334.88,5/5/2025,273,France
703,E-commerce,0,472.8,5/5/2025,660,Italy
706,App Mobile,0,118.14,5/5/2025,268,Germany
739,App Mobile,0,350.65,5/5/2025,885,Spain
769,E-commerce,0,490.92,5/5/2025,501,Italy
824,E-commerce,0,223.28,5/5/2025,604,Italy
837,E-commerce,0,570.97,5/5/2025,453,France
904,E-commerce,0,222.07,5/5/2025,699,Netherlands
1019,E-commerce,1,363.76,6/5/2025,43,Germany
1099,E-commerce,1,230.63,6/5/2025,81,Germany
1198,E-commerce,1,169.7,6/5/2025,914,Spain
125,App Mobile,0,391.31,6/5/2025,601,Germany
181,App Mobile,0,659.3,6/5/2025,252,Italy
211,E-commerce,1,490.53,6/5/2025,676,Portugal
303,App Mobile,0,635.02,6/5/2025,396,Netherlands
418,App Mobile,0,211.8,6/5/2025,384,Germany
445,E-commerce,1,195.86,6/5/2025,852,Portugal
713,App Mobile,0,548.6,6/5/2025,253,France
817,E-commerce,1,67.02,6/5/2025,485,Netherlands
1042,App Mobile,1,45.5,13/5/2025,822,Germany
1127,E-commerce,0,281.04,13/5/2025,144,Germany
1148,App Mobile,1,448.98,13/5/2025,562,Germany
1194,E-commerce,0,419.1,13/5/2025,816,Netherlands
1332,E-commerce,0,161.81,13/5/2025,783,Italy
172,App Mobile,1,178.2,13/5/2025,398,Spain
24,App Mobile,1,173.28,13/5/2025,750,Spain
295,App Mobile,1,408.14,13/5/2025,720,Spain
299,App Mobile,1,489.11,13/5/2025,403,Germany
328,E-commerce,0,218.19,13/5/2025,316,France
341,App Mobile,1,449.94,13/5/2025,816,Netherlands
356,App Mobile,1,344.13,13/5/2025,59,Germany
40,App Mobile,1,233.35,13/5/2025,96,Italy
402,E-commerce,0,394.47,13/5/2025,301,France
411,App Mobile,1,393.19,13/5/2025,207,Germany
423,App Mobile,1,238.34,13/5/2025,729,Portugal
497,App Mobile,1,322.48,13/5/2025,588,Portugal
624,App Mobile,1,383.49,13/5/2025,223,Germany
825,App Mobile,1,295.16,13/5/2025,643,Portugal
992,App Mobile,1,214.08,13/5/2025,375,Germany
1045,E-commerce,0,288.98,14/5/2025,113,Germany
1066,E-commerce,0,415.38,14/5/2025,340,Italy
1085,E-commerce,0,200.04,14/5/2025,51,Germany
1102,App Mobile,1,214.7,14/5/2025,624,Spain
1219,E-commerce,0,274.11,14/5/2025,234,Italy
1308,E-commerce,0,254.26,14/5/2025,872,Netherlands
1333,App Mobile,1,115.4,14/5/2025,215,Netherlands
260,E-commerce,0,528.34,14/5/2025,41,Germany
377,E-commerce,0,346.01,14/5/2025,823,Germany
39,E-commerce,0,628.12,14/5/2025,955,Portugal
406,E-commerce,0,566.89,14/5/2025,677,Portugal
428,App Mobile,1,70.69,14/5/2025,556,Italy
44,E-commerce,0,373.27,14/5/2025,957,France
588,App Mobile,1,178.9,14/5/2025,898,Italy
59,E-commerce,0,435.92,14/5/2025,787,Italy
646,E-commerce,0,151.74,14/5/2025,396,Netherlands
821,App Mobile,1,262.23,14/5/2025,233,France
858,E-commerce,0,142.03,14/5/2025,659,Portugal
1083,E-commerce,0,313.89,15/5/2025,340,Italy
126,E-commerce,0,484.47,15/5/2025,476,Germany
1316,App Mobile,1,134.98,15/5/2025,392,Netherlands
135,E-commerce,0,702.11,15/5/2025,607,France
173,E-commerce,0,535.45,15/5/2025,279,France
207,E-commerce,0,438.51,15/5/2025,884,Spain
287,E-commerce,0,578.5,15/5/2025,556,Italy
440,App Mobile,1,358.65,15/5/2025,698,Portugal
488,E-commerce,0,479.79,15/5/2025,682,Portugal
509,E-commerce,0,253.64,15/5/2025,663,Netherlands
524,App Mobile,1,284.65,15/5/2025,144,Germany
552,App Mobile,1,377.54,15/5/2025,54,Italy
619,App Mobile,1,232.25,15/5/2025,895,France
621,App Mobile,1,263.25,15/5/2025,86,Netherlands
816,App Mobile,1,160.14,15/5/2025,456,Italy
85,E-commerce,0,410.73,15/5/2025,344,Netherlands
957,App Mobile,1,212.16,15/5/2025,181,Italy
994,App Mobile,1,477.09,15/5/2025,798,Portugal
1014,E-commerce,0,175.37,16/5/2025,578,Germany
1018,E-commerce,0,272.08,16/5/2025,462,Italy
1040,App Mobile,1,277.8,16/5/2025,608,France
1169,E-commerce,0,122.99,16/5/2025,490,Germany
1173,App Mobile,1,216.76,16/5/2025,689,Spain
1200,App Mobile,1,206.5,16/5/2025,171,Italy
1213,E-commerce,0,365.27,16/5/2025,155,Germany
1298,E-commerce,0,115.34,16/5/2025,993,Germany
183,E-commerce,0,161.43,16/5/2025,871,Netherlands
2,E-commerce,0,357.54,16/5/2025,41,Germany
221,E-commerce,0,466.16,16/5/2025,107,Germany
237,E-commerce,0,465.41,16/5/2025,167,France
550,E-commerce,0,335.22,16/5/2025,190,Italy
615,App Mobile,1,207.29,16/5/2025,23,France
632,App Mobile,1,240.4,16/5/2025,144,Germany
698,E-commerce,0,260.26,16/5/2025,96,Italy
746,E-commerce,0,302.4,16/5/2025,522,Spain
896,App Mobile,1,182.89,16/5/2025,9,Spain
934,E-commerce,0,146.03,16/5/2025,506,France
943,App Mobile,1,210.59,16/5/2025,230,France
1020,E-commerce,0,423.57,17/5/2025,120,Germany
1137,E-commerce,0,380.37,17/5/2025,505,Germany
1153,App Mobile,1,149.91,17/5/2025,177,Italy
1166,E-commerce,0,284.19,17/5/2025,243,Germany
1223,App Mobile,1,70.56,17/5/2025,380,Italy
1245,E-commerce,0,261.02,17/5/2025,348,Germany
1295,E-commerce,0,275.39,17/5/2025,144,Germany
147,E-commerce,0,336.73,17/5/2025,386,France
281,App Mobile,1,375.37,17/5/2025,730,Spain
297,App Mobile,1,275.27,17/5/2025,235,Italy
301,App Mobile,1,241.1,17/5/2025,825,Netherlands
476,App Mobile,1,302.38,17/5/2025,511,France
528,App Mobile,1,333.83,17/5/2025,921,Italy
558,App Mobile,1,191.33,17/5/2025,525,Italy
567,E-commerce,0,511.12,17/5/2025,686,Netherlands
592,E-commerce,0,134.93,17/5/2025,906,Netherlands
718,App Mobile,1,180.9,17/5/2025,952,Italy
84,E-commerce,0,519.81,17/5/2025,932,France
875,App Mobile,1,161.27,17/5/2025,54,Italy
966,E-commerce,0,200.11,17/5/2025,326,Italy
1059,App Mobile,1,291.47,18/5/2025,640,France
1060,App Mobile,1,64.19,18/5/2025,648,Germany
118,E-commerce,0,788.58,18/5/2025,92,Italy
1226,App Mobile,1,164.4,18/5/2025,36,France
1268,E-commerce,0,313.3,18/5/2025,767,Netherlands
1296,App Mobile,1,108.54,18/5/2025,331,Spain
1318,E-commerce,0,323.18,18/5/2025,265,Italy
1326,E-commerce,0,310.98,18/5/2025,883,Italy
1337,App Mobile,1,352.02,18/5/2025,943,Italy
167,E-commerce,0,632.5,18/5/2025,277,Italy
193,E-commerce,0,433.24,18/5/2025,92,Italy
286,App Mobile,1,348.33,18/5/2025,184,France
289,App Mobile,1,268.8,18/5/2025,190,Italy
298,E-commerce,0,376.14,18/5/2025,401,France
314,E-commerce,0,446.09,18/5/2025,377,Spain
347,E-commerce,0,402.53,18/5/2025,769,Italy
553,App Mobile,1,276.39,18/5/2025,804,Italy
617,E-commerce,0,566.22,18/5/2025,62,Spain
704,E-commerce,0,328.55,18/5/2025,418,France
728,App Mobile,1,309.68,18/5/2025,258,Netherlands
776,E-commerce,0,294.06,18/5/2025,361,Netherlands
78,E-commerce,0,683.47,18/5/2025,321,Germany
81,App Mobile,1,449.17,18/5/2025,130,Germany
822,App Mobile,1,202.69,18/5/2025,690,Spain
916,App Mobile,1,245.94,18/5/2025,342,Netherlands
1026,E-commerce,0,218.4,19/5/2025,190,Italy
1068,E-commerce,0,452.65,19/5/2025,104,Netherlands
108,E-commerce,0,646.1,19/5/2025,414,Germany
1119,E-commerce,0,147.22,19/5/2025,976,Italy
1230,E-commerce,0,220.21,19/5/2025,954,Portugal
1243,E-commerce,0,138.93,19/5/2025,263,France
1291,E-commerce,0,101.64,19/5/2025,615,Portugal
199,App Mobile,1,155.23,19/5/2025,929,Netherlands
238,E-commerce,0,378.22,19/5/2025,958,Germany
259,App Mobile,1,296.87,19/5/2025,48,Germany
376,App Mobile,1,195.76,19/5/2025,497,Germany
421,E-commerce,0,310.51,19/5/2025,230,France
444,E-commerce,0,487.51,19/5/2025,734,Netherlands
642,E-commerce,0,504.5,19/5/2025,796,Netherlands
72,E-commerce,0,622.14,19/5/2025,710,France
73,E-commerce,0,453.55,19/5/2025,477,Spain
730,E-commerce,0,191.32,19/5/2025,53,Italy
921,App Mobile,1,117.84,19/5/2025,283,France
938,E-commerce,0,360.58,19/5/2025,42,Spain
982,App Mobile,1,193.4,19/5/2025,70,Germany
995,E-commerce,0,489.02,19/5/2025,565,Spain
1000,E-commerce,0,324.5,20/5/2025,439,Germany
11,App Mobile,0,327.88,20/5/2025,187,France
1132,App Mobile,0,267.61,20/5/2025,231,France
1135,App Mobile,0,202.84,20/5/2025,946,France
1144,E-commerce,0,141.99,20/5/2025,700,Portugal
1348,E-commerce,0,451.03,20/5/2025,473,France
145,E-commerce,0,391.58,20/5/2025,135,France
15,E-commerce,0,421.64,20/5/2025,33,Italy
163,App Mobile,0,622.18,20/5/2025,283,France
195,App Mobile,0,699.78,20/5/2025,220,Germany
225,App Mobile,0,540.02,20/5/2025,806,Italy
234,App Mobile,0,533.21,20/5/2025,198,Germany
31,App Mobile,0,292.78,20/5/2025,776,Portugal
390,App Mobile,0,630.23,20/5/2025,564,Italy
405,E-commerce,0,455.67,20/5/2025,657,Italy
458,App Mobile,0,670.95,20/5/2025,613,Netherlands
479,E-commerce,0,413.62,20/5/2025,908,Germany
515,E-commerce,0,627.9,20/5/2025,189,Germany
620,E-commerce,0,426.3,20/5/2025,65,Spain
676,App Mobile,0,583.9,20/5/2025,254,Italy
98,E-commerce,0,413.91,20/5/2025,879,Netherlands
10,E-commerce,0,299.7,21/5/2025,195,France
1055,App Mobile,0,297.78,21/5/2025,492,Germany
1116,E-commerce,0,318.59,21/5/2025,640,France
1129,App Mobile,0,125.14,21/5/2025,892,Germany
1156,App Mobile,0,434.04,21/5/2025,963,Germany
1220,E-commerce,0,299.77,21/5/2025,150,France
123,App Mobile,0,410.04,21/5/2025,769,Italy
1265,E-commerce,0,447.76,21/5/2025,116,Netherlands
1303,E-commerce,0,287.88,21/5/2025,22,Germany
139,App Mobile,0,631.08,21/5/2025,473,France
222,App Mobile,0,349.66,21/5/2025,288,Italy
256,E-commerce,0,432.34,21/5/2025,881,Portugal
307,E-commerce,0,332,21/5/2025,567,Netherlands
392,E-commerce,0,202.88,21/5/2025,975,Netherlands
52,E-commerce,0,646.63,21/5/2025,438,Germany
525,App Mobile,0,380.43,21/5/2025,908,Germany
64,App Mobile,0,426.45,21/5/2025,795,Germany
653,E-commerce,0,644.06,21/5/2025,168,France
797,E-commerce,0,266.9,21/5/2025,657,Italy
855,App Mobile,0,390.32,21/5/2025,710,France
883,App Mobile,0,422.95,21/5/2025,659,Portugal
971,App Mobile,0,185.94,21/5/2025,58,Germany
1017,App Mobile,0,274.38,22/5/2025,613,Netherlands
1192,App Mobile,0,302.23,22/5/2025,702,Portugal
1197,E-commerce,0,384.56,22/5/2025,390,Germany
1258,App Mobile,0,436.16,22/5/2025,5,Spain
1310,E-commerce,0,504.88,22/5/2025,798,Portugal
1352,App Mobile,0,419.08,22/5/2025,574,Italy
210,E-commerce,0,598.88,22/5/2025,392,Netherlands
216,E-commerce,0,238.58,22/5/2025,968,Italy
333,E-commerce,0,427.6,22/5/2025,842,Italy
419,E-commerce,0,673.59,22/5/2025,148,Netherlands
424,App Mobile,0,397.38,22/5/2025,956,Portugal
503,E-commerce,0,297.86,22/5/2025,341,France
609,App Mobile,0,340.38,22/5/2025,946,France
75,App Mobile,0,526.82,22/5/2025,469,Italy
774,App Mobile,0,335.05,22/5/2025,798,Portugal
859,E-commerce,0,289.32,22/5/2025,39,France
873,E-commerce,0,263.07,22/5/2025,872,Netherlands
958,E-commerce,0,68.31,22/5/2025,958,Germany
969,E-commerce,0,216.4,22/5/2025,792,Italy
1155,E-commerce,0,414.54,23/5/2025,843,France
1196,App Mobile,0,164.14,23/5/2025,160,Germany
1211,App Mobile,0,317.66,23/5/2025,346,Italy
1342,E-commerce,0,469.26,23/5/2025,990,Spain
191,App Mobile,0,381.4,23/5/2025,367,Netherlands
242,App Mobile,0,593.44,23/5/2025,106,Germany
410,E-commerce,0,816.6,23/5/2025,419,Spain
449,E-commerce,0,274.72,23/5/2025,749,Spain
491,E-commerce,0,560.98,23/5/2025,699,Netherlands
505,App Mobile,0,492.34,23/5/2025,36,France
571,App Mobile,0,859.38,23/5/2025,191,Germany
591,E-commerce,0,616.58,23/5/2025,525,Italy
627,App Mobile,0,467.58,23/5/2025,973,Italy
675,E-commerce,0,102.61,23/5/2025,126,Netherlands
68,E-commerce,0,740.54,23/5/2025,413,France
707,E-commerce,0,89.46,23/5/2025,154,France
922,E-commerce,0,342.07,23/5/2025,246,Spain
986,App Mobile,0,229.64,23/5/2025,735,France
1008,App Mobile,0,386.92,24/5/2025,593,France
1087,App Mobile,0,364.9,24/5/2025,628,France
1146,E-commerce,0,326.72,24/5/2025,15,Netherlands
1273,App Mobile,0,286.62,24/5/2025,510,France
1313,App Mobile,0,190.84,24/5/2025,601,Germany
156,E-commerce,0,364.16,24/5/2025,819,Italy
269,App Mobile,0,503.93,24/5/2025,298,Germany
332,App Mobile,0,380.25,24/5/2025,932,France
337,App Mobile,0,467.38,24/5/2025,873,France
482,App Mobile,0,306.9,24/5/2025,272,Netherlands
490,App Mobile,0,454.26,24/5/2025,854,Portugal
542,E-commerce,0,382.14,24/5/2025,771,Portugal
666,E-commerce,0,236.19,24/5/2025,743,Netherlands
711,App Mobile,0,226.56,24/5/2025,695,Spain
794,App Mobile,0,230.88,24/5/2025,215,Netherlands
800,E-commerce,0,555.4,24/5/2025,96,Italy
868,App Mobile,0,66.93,24/5/2025,394,Spain
899,App Mobile,0,291.04,24/5/2025,339,France
1028,E-commerce,0,288.52,25/5/2025,475,Italy
1093,App Mobile,0,107.55,25/5/2025,474,France
113,App Mobile,0,448.08,25/5/2025,872,Netherlands
142,E-commerce,0,410.77,25/5/2025,151,Spain
309,App Mobile,0,414.75,25/5/2025,365,France
362,App Mobile,0,514.28,25/5/2025,861,Portugal
469,E-commerce,0,316.23,25/5/2025,180,Germany
498,E-commerce,0,509.91,25/5/2025,9,Spain
555,App Mobile,0,376.87,25/5/2025,997,Italy
612,App Mobile,0,588.12,25/5/2025,488,Germany
80,E-commerce,0,369.31,25/5/2025,735,France
844,E-commerce,0,233.87,25/5/2025,802,Spain
886,E-commerce,0,240.1,25/5/2025,53,Italy
914,App Mobile,0,461.95,25/5/2025,684,Netherlands
955,App Mobile,0,490.7,25/5/2025,936,Netherlands
1058,E-commerce,0,339.2,26/5/2025,163,Italy
1130,E-commerce,0,579.95,26/5/2025,385,Germany
1180,E-commerce,0,273.14,26/5/2025,777,Spain
1254,App Mobile,0,492.02,26/5/2025,103,France
129,App Mobile,0,442.47,26/5/2025,81,Germany
265,App Mobile,0,307.83,26/5/2025,346,Italy
277,E-commerce,0,534.45,26/5/2025,791,Portugal
282,App Mobile,0,391.74,26/5/2025,736,Germany
346,App Mobile,0,318.61,26/5/2025,231,France
38,E-commerce,0,440.7,26/5/2025,484,France
404,E-commerce,0,225.88,26/5/2025,929,Netherlands
604,E-commerce,0,499.56,26/5/2025,338,Spain
61,App Mobile,0,370.24,26/5/2025,444,Germany
629,App Mobile,0,400.35,26/5/2025,186,Netherlands
700,E-commerce,0,249.32,26/5/2025,801,Netherlands
8,App Mobile,0,408.13,26/5/2025,277,Italy
845,E-commerce,0,310.35,26/5/2025,612,Italy
90,E-commerce,0,377.12,26/5/2025,2,France
1015,App Mobile,0,355.88,27/5/2025,151,Spain
1098,App Mobile,0,354.25,27/5/2025,564,Italy
1108,E-commerce,0,194.29,27/5/2025,58,Germany
1109,E-commerce,0,78.69,27/5/2025,359,France
1123,E-commerce,0,342.14,27/5/2025,18,France
1257,E-commerce,0,420.75,27/5/2025,510,France
1322,E-commerce,0,269.84,27/5/2025,27,Italy
1349,E-commerce,0,173.5,27/5/2025,37,Netherlands
201,App Mobile,0,492.32,27/5/2025,675,Italy
351,E-commerce,0,494.28,27/5/2025,840,Germany
461,E-commerce,0,439.03,27/5/2025,607,France
577,E-commerce,0,161.54,27/5/2025,958,Germany
670,App Mobile,0,173.7,27/5/2025,820,Spain
838,E-commerce,0,348.02,27/5/2025,903,Spain
913,App Mobile,0,303.24,27/5/2025,729,Portugal
950,E-commerce,0,524.09,27/5/2025,935,Italy
965,E-commerce,0,316.76,27/5/2025,988,Portugal
980,App Mobile,0,448.26,27/5/2025,220,Germany
989,E-commerce,0,287.64,27/5/2025,22,Germany
1134,App Mobile,0,324.16,28/5/2025,580,Italy
1205,E-commerce,0,311.61,28/5/2025,88,Germany
1239,E-commerce,0,385.12,28/5/2025,253,France
1343,E-commerce,0,352.5,28/5/2025,767,Netherlands
165,E-commerce,0,308.72,28/5/2025,748,Netherlands
202,App Mobile,0,516.82,28/5/2025,972,France
36,E-commerce,0,380.74,28/5/2025,475,Italy
396,E-commerce,0,567.23,28/5/2025,612,Italy
527,E-commerce,0,420.5,28/5/2025,160,Germany
54,App Mobile,0,416.34,28/5/2025,517,Netherlands
564,E-commerce,0,351.54,28/5/2025,511,France
768,E-commerce,0,220.42,28/5/2025,247,Netherlands
777,E-commerce,0,310.71,28/5/2025,572,Netherlands
870,App Mobile,0,363.72,28/5/2025,386,France
960,E-commerce,0,223.28,28/5/2025,237,Germany
1025,App Mobile,0,89.97,29/5/2025,318,France
1229,App Mobile,0,343.99,29/5/2025,503,Italy
179,App Mobile,0,525.72,29/5/2025,663,Netherlands
245,E-commerce,0,221.6,29/5/2025,673,Germany
258,E-commerce,0,439.49,29/5/2025,94,France
285,App Mobile,0,448.77,29/5/2025,415,France
334,App Mobile,0,496.23,29/5/2025,675,Italy
56,App Mobile,0,337.98,29/5/2025,223,Germany
614,App Mobile,0,498.27,29/5/2025,761,Netherlands
630,E-commerce,0,466.2,29/5/2025,120,Germany
702,App Mobile,0,333.21,29/5/2025,764,France
865,E-commerce,0,362.23,29/5/2025,117,Germany
902,App Mobile,0,305.5,29/5/2025,656,Germany
926,E-commerce,0,110.78,29/5/2025,393,France
1067,App Mobile,0,200.77,30/5/2025,176,Germany
1149,E-commerce,0,441.5,30/5/2025,948,Spain
232,App Mobile,0,561.55,30/5/2025,285,France
348,E-commerce,0,654.98,30/5/2025,776,Portugal
433,App Mobile,0,647.8,30/5/2025,608,France
531,App Mobile,0,417.74,30/5/2025,900,Germany
594,App Mobile,0,493.31,30/5/2025,69,Germany
610,E-commerce,0,435.62,30/5/2025,504,Netherlands
686,E-commerce,0,207.3,30/5/2025,25,Italy
724,E-commerce,0,183.62,30/5/2025,227,France
905,App Mobile,0,133.9,30/5/2025,422,Netherlands
92,App Mobile,0,611.46,30/5/2025,691,Italy
949,E-commerce,0,87.45,30/5/2025,91,Netherlands
1034,App Mobile,0,192.63,31/5/2025,342,Netherlands
1103,E-commerce,0,108.13,31/5/2025,393,France
1128,App Mobile,0,96.84,31/5/2025,759,France
1172,E-commerce,0,387.04,31/5/2025,63,Netherlands
1244,E-commerce,0,426.38,31/5/2025,816,Netherlands
1285,App Mobile,0,395.24,31/5/2025,581,Germany
1311,E-commerce,0,268.73,31/5/2025,958,Germany
209,App Mobile,0,343.05,31/5/2025,436,Germany
240,App Mobile,0,757.22,31/5/2025,270,Germany
264,App Mobile,0,253.51,31/5/2025,131,Germany
312,E-commerce,0,509.07,31/5/2025,72,Spain
319,App Mobile,0,431.38,31/5/2025,728,Netherlands
321,App Mobile,0,465.62,31/5/2025,779,Netherlands
42,App Mobile,0,186.91,31/5/2025,191,Germany
535,App Mobile,0,568.88,31/5/2025,174,Germany
551,E-commerce,0,274.53,31/5/2025,398,Spain
580,App Mobile,0,422.78,31/5/2025,833,Portugal
581,E-commerce,0,516.66,31/5/2025,125,Germany
601,E-commerce,0,542.92,31/5/2025,387,France
603,App Mobile,0,367.01,31/5/2025,182,France
761,E-commerce,0,232.67,31/5/2025,858,Germany
785,App Mobile,0,200.97,31/5/2025,393,France
839,App Mobile,0,182.98,31/5/2025,935,Italy
895,App Mobile,0,61.09,31/5/2025,711,France
956,App Mobile,0,166.11,31/5/2025,456,Italy
1082,App Mobile,0,298.6,4/6/2025,774,Portugal
1170,App Mobile,0,214.32,4/6/2025,547,France
1317,E-commerce,0,288.56,4/6/2025,285,France
217,E-commerce,0,410.95,4/6/2025,646,Spain
235,E-commerce,0,266.42,4/6/2025,411,Germany
276,App Mobile,0,395.94,4/6/2025,420,Germany
504,App Mobile,0,458.7,4/6/2025,795,Germany
582,E-commerce,0,308.11,4/6/2025,357,Italy
605,App Mobile,0,411.94,4/6/2025,118,Italy
663,E-commerce,0,440.02,4/6/2025,780,Portugal
884,App Mobile,0,402.96,4/6/2025,609,Italy
963,E-commerce,0,173.16,4/6/2025,342,Netherlands
1071,App Mobile,0,240.94,5/6/2025,338,Spain
1106,E-commerce,0,219.78,5/6/2025,35,France
1150,App Mobile,0,607.24,5/6/2025,220,Germany
1236,E-commerce,0,428.95,5/6/2025,792,Italy
1276,App Mobile,0,309.58,5/6/2025,704,Germany
1277,App Mobile,0,440.86,5/6/2025,277,Italy
166,E-commerce,0,517.88,5/6/2025,354,Germany
204,E-commerce,0,206.76,5/6/2025,163,Italy
323,E-commerce,0,265.56,5/6/2025,512,Germany
331,App Mobile,0,263.87,5/6/2025,100,Italy
517,E-commerce,0,254.46,5/6/2025,525,Italy
536,App Mobile,0,390.51,5/6/2025,47,Germany
538,App Mobile,0,502.9,5/6/2025,739,Portugal
65,E-commerce,0,326.98,5/6/2025,168,France
694,App Mobile,0,183.33,5/6/2025,884,Spain
1003,App Mobile,0,430.64,6/6/2025,727,Portugal
1110,E-commerce,1,390.78,6/6/2025,402,Italy
112,E-commerce,1,445.72,6/6/2025,876,Italy
120,E-commerce,1,431.8,6/6/2025,999,Germany
1208,E-commerce,1,454.1,6/6/2025,388,France
1214,E-commerce,1,301.3,6/6/2025,280,Germany
1286,E-commerce,1,213.94,6/6/2025,628,France
241,App Mobile,0,411.47,6/6/2025,725,Spain
313,App Mobile,0,712.86,6/6/2025,271,Germany
442,E-commerce,1,339.49,6/6/2025,408,Germany
483,E-commerce,1,358.54,6/6/2025,547,France
561,E-commerce,1,416.29,6/6/2025,829,Portugal
744,App Mobile,0,202.93,6/6/2025,736,Germany
843,App Mobile,0,232.34,6/6/2025,551,France
848,App Mobile,0,181.08,6/6/2025,500,Germany
849,E-commerce,1,167.31,6/6/2025,869,Netherlands
862,App Mobile,0,233.9,6/6/2025,912,Germany
976,E-commerce,1,220.59,6/6/2025,682,Portugal
103,E-commerce,0,452.53,13/6/2025,76,Germany
1036,E-commerce,0,199.55,13/6/2025,793,Italy
1039,App Mobile,0,405.63,13/6/2025,460,Netherlands
1168,E-commerce,0,296.37,13/6/2025,492,Germany
1249,E-commerce,0,139.01,13/6/2025,467,Spain
180,App Mobile,0,190.08,13/6/2025,641,Spain
278,App Mobile,0,295.83,13/6/2025,626,Italy
463,App Mobile,0,418.95,13/6/2025,497,Germany
485,E-commerce,0,225.79,13/6/2025,822,Germany
489,E-commerce,0,378.07,13/6/2025,693,Netherlands
554,E-commerce,0,322.94,13/6/2025,861,Portugal
576,E-commerce,0,537.95,13/6/2025,20,France
701,App Mobile,0,340.18,13/6/2025,855,Spain
756,E-commerce,0,481.76,13/6/2025,499,France
762,E-commerce,0,222.42,13/6/2025,76,Germany
968,E-commerce,0,484.9,13/6/2025,350,France
102,App Mobile,0,289.57,14/6/2025,692,France
1136,App Mobile,0,111.97,14/6/2025,460,Netherlands
1199,E-commerce,0,342.57,14/6/2025,922,Spain
1269,App Mobile,0,159.58,14/6/2025,930,Netherlands
1321,E-commerce,0,455.53,14/6/2025,217,Italy
133,App Mobile,0,450.74,14/6/2025,570,Spain
136,E-commerce,0,357.39,14/6/2025,206,Spain
138,E-commerce,0,406.4,14/6/2025,106,Germany
21,E-commerce,0,538.23,14/6/2025,685,Spain
344,App Mobile,0,291.52,14/6/2025,485,Netherlands
414,App Mobile,0,492.17,14/6/2025,404,Germany
429,App Mobile,0,554.35,14/6/2025,978,France
46,App Mobile,0,133.43,14/6/2025,386,France
465,E-commerce,0,572.22,14/6/2025,783,Italy
513,E-commerce,0,441.25,14/6/2025,474,France
6,E-commerce,0,416.43,14/6/2025,659,Portugal
660,App Mobile,0,368.79,14/6/2025,86,Netherlands
664,App Mobile,0,353.01,14/6/2025,493,Germany
677,E-commerce,0,112.89,14/6/2025,827,France
755,App Mobile,0,298.02,14/6/2025,369,Netherlands
827,E-commerce,0,251.9,14/6/2025,253,France
830,App Mobile,0,226.8,14/6/2025,659,Portugal
932,App Mobile,0,317.29,14/6/2025,323,Netherlands
944,E-commerce,0,246.83,14/6/2025,173,Germany
1079,App Mobile,0,173.84,15/6/2025,837,Germany
1097,App Mobile,0,228.41,15/6/2025,271,Germany
1117,E-commerce,0,190.25,15/6/2025,660,Italy
1306,E-commerce,0,334.56,15/6/2025,188,France
141,E-commerce,0,617.09,15/6/2025,861,Portugal
349,App Mobile,0,523.43,15/6/2025,854,Portugal
394,E-commerce,0,456.05,15/6/2025,435,Netherlands
426,E-commerce,0,605.81,15/6/2025,38,Spain
613,E-commerce,0,562.46,15/6/2025,112,France
715,E-commerce,0,512.83,15/6/2025,830,Italy
725,App Mobile,0,401.53,15/6/2025,445,Italy
86,App Mobile,0,709.19,15/6/2025,453,France
882,App Mobile,0,88.11,15/6/2025,634,Portugal
927,App Mobile,0,371.36,15/6/2025,233,France
1030,App Mobile,0,261.25,16/6/2025,575,Netherlands
1078,E-commerce,0,332.1,16/6/2025,521,France
1095,E-commerce,0,261.45,16/6/2025,109,France
1122,E-commerce,0,412.92,16/6/2025,609,Italy
1182,E-commerce,0,189.9,16/6/2025,936,Netherlands
1328,E-commerce,0,143.15,16/6/2025,201,France
143,E-commerce,0,324.41,16/6/2025,956,Portugal
229,E-commerce,0,543.17,16/6/2025,699,Netherlands
250,App Mobile,0,581.85,16/6/2025,49,Netherlands
273,App Mobile,0,489.56,16/6/2025,682,Portugal
279,E-commerce,0,330.38,16/6/2025,852,Portugal
420,App Mobile,0,503.76,16/6/2025,828,France
593,App Mobile,0,303.48,16/6/2025,758,Portugal
658,App Mobile,0,374.25,16/6/2025,835,Portugal
751,E-commerce,0,342.96,16/6/2025,811,France
766,App Mobile,0,399.31,16/6/2025,955,Portugal
810,App Mobile,0,319.98,16/6/2025,913,Portugal
818,E-commerce,0,250.7,16/6/2025,473,France
874,E-commerce,0,259.33,16/6/2025,531,Spain
937,App Mobile,0,293.28,16/6/2025,649,Italy
947,E-commerce,0,97.73,16/6/2025,127,Netherlands
999,E-commerce,0,109.62,16/6/2025,416,France
1100,E-commerce,0,262.86,17/6/2025,837,Germany
1210,App Mobile,0,543.2,17/6/2025,864,Netherlands
190,App Mobile,0,291.5,17/6/2025,247,Netherlands
294,E-commerce,0,290.39,17/6/2025,489,Germany
336,E-commerce,0,536.47,17/6/2025,790,France
343,App Mobile,0,587.46,17/6/2025,170,France
413,E-commerce,0,669.28,17/6/2025,69,Germany
427,App Mobile,0,525.37,17/6/2025,401,France
514,App Mobile,0,599.54,17/6/2025,397,France
589,App Mobile,0,372.08,17/6/2025,160,Germany
691,App Mobile,0,475.07,17/6/2025,33,Italy
710,E-commerce,0,440.06,17/6/2025,826,Portugal
787,E-commerce,0,282.36,17/6/2025,610,France
834,App Mobile,0,196.52,17/6/2025,626,Italy
931,E-commerce,0,270.18,17/6/2025,269,Spain
961,E-commerce,0,282.53,17/6/2025,613,Netherlands
973,App Mobile,0,442.48,17/6/2025,953,France
