customer_id,country,age_range,signup_date
210,Spain,26-35,2/1/2024
586,Portugal,56-65,2/1/2024
766,Spain,56-65,2/1/2024
977,Italy,56-65,4/1/2024
364,Spain,46-55,5/1/2024
1000,Spain,56-65,6/1/2024
295,France,16-25,9/1/2024
788,Germany,16-25,9/1/2024
437,Italy,36-45,13/1/2024
141,Italy,56-65,14/1/2024
287,France,26-35,15/1/2024
383,France,46-55,15/1/2024
985,Germany,46-55,17/1/2024
13,Netherlands,56-65,21/1/2024
119,Germany,46-55,21/1/2024
77,Netherlands,36-45,22/1/2024
926,France,56-65,22/1/2024
942,Italy,36-45,27/1/2024
320,Italy,46-55,28/1/2024
468,Germany,36-45,28/1/2024
433,France,16-25,29/1/2024
332,Netherlands,46-55,2/2/2024
918,France,16-25,2/2/2024
185,France,16-25,4/2/2024
353,Germany,36-45,4/2/2024
979,Spain,16-25,4/2/2024
434,France,16-25,5/2/2024
784,Netherlands,56-65,6/2/2024
933,Italy,36-45,7/2/2024
723,Italy,56-65,8/2/2024
282,Italy,16-25,10/2/2024
319,Germany,46-55,10/2/2024
391,Spain,36-45,11/2/2024
224,France,36-45,13/2/2024
479,Netherlands,56-65,13/2/2024
454,Italy,16-25,14/2/2024
995,Germany,56-65,15/2/2024
333,Netherlands,16-25,17/2/2024
82,France,16-25,18/2/2024
984,Netherlands,16-25,18/2/2024
200,Italy,26-35,19/2/2024
98,France,26-35,20/2/2024
938,France,26-35,20/2/2024
412,France,46-55,21/2/2024
555,Spain,26-35,21/2/2024
149,Netherlands,26-35,22/2/2024
262,Netherlands,26-35,22/2/2024
603,Germany,16-25,22/2/2024
212,Spain,46-55,23/2/2024
591,Germany,36-45,23/2/2024
812,Spain,56-65,23/2/2024
102,France,16-25,24/2/2024
83,Germany,56-65,28/2/2024
763,Spain,26-35,29/2/2024
335,Germany,16-25,2/3/2024
458,Italy,56-65,2/3/2024
303,Germany,46-55,3/3/2024
405,Germany,26-35,3/3/2024
291,Germany,16-25,5/3/2024
450,Spain,46-55,6/3/2024
890,Italy,16-25,8/3/2024
10,Germany,16-25,12/3/2024
824,Italy,46-55,15/3/2024
197,France,56-65,21/3/2024
307,Italy,56-65,21/3/2024
583,Netherlands,36-45,21/3/2024
448,France,26-35,26/3/2024
32,Netherlands,16-25,28/3/2024
138,France,56-65,29/3/2024
164,Spain,56-65,1/4/2024
421,Germany,16-25,5/4/2024
544,Germany,26-35,5/4/2024
668,Spain,26-35,6/4/2024
949,Spain,56-65,6/4/2024
650,Italy,36-45,7/4/2024
345,Netherlands,36-45,8/4/2024
747,Spain,36-45,8/4/2024
794,Italy,56-65,8/4/2024
859,France,56-65,8/4/2024
40,Spain,56-65,9/4/2024
358,Germany,36-45,10/4/2024
576,Germany,46-55,10/4/2024
3,Netherlands,46-55,12/4/2024
24,Spain,56-65,12/4/2024
847,Spain,56-65,13/4/2024
213,France,26-35,15/4/2024
8,Netherlands,46-55,16/4/2024
478,Germany,56-65,17/4/2024
760,Portugal,56-65,21/4/2024
856,France,46-55,21/4/2024
550,Germany,56-65,22/4/2024
573,Italy,36-45,22/4/2024
579,France,46-55,22/4/2024
585,Portugal,16-25,22/4/2024
844,Netherlands,16-25,22/4/2024
523,France,26-35,25/4/2024
821,Italy,46-55,25/4/2024
814,Italy,46-55,29/4/2024
520,Netherlands,16-25,30/4/2024
26,Netherlands,46-55,1/5/2024
630,Portugal,16-25,2/5/2024
671,Netherlands,26-35,3/5/2024
599,Italy,36-45,5/5/2024
487,Germany,16-25,7/5/2024
722,Italy,26-35,7/5/2024
917,Germany,26-35,7/5/2024
299,Italy,26-35,8/5/2024
732,Germany,16-25,8/5/2024
589,Italy,16-25,9/5/2024
600,Italy,36-45,9/5/2024
50,Spain,26-35,10/5/2024
110,Spain,36-45,10/5/2024
362,Spain,56-65,10/5/2024
808,Netherlands,26-35,10/5/2024
465,Germany,26-35,13/5/2024
114,Italy,16-25,14/5/2024
322,Netherlands,26-35,14/5/2024
909,France,16-25,14/5/2024
300,France,56-65,15/5/2024
530,Spain,26-35,16/5/2024
306,Germany,26-35,18/5/2024
781,Netherlands,56-65,19/5/2024
430,France,46-55,22/5/2024
667,Netherlands,36-45,23/5/2024
756,France,56-65,23/5/2024
712,Germany,36-45,26/5/2024
797,Netherlands,46-55,26/5/2024
971,France,16-25,26/5/2024
683,France,36-45,27/5/2024
713,France,36-45,27/5/2024
52,France,16-25,29/5/2024
742,Portugal,56-65,30/5/2024
45,Italy,46-55,31/5/2024
539,Germany,26-35,31/5/2024
810,Netherlands,26-35,31/5/2024
860,Germany,26-35,1/6/2024
286,Italy,26-35,5/6/2024
931,France,46-55,6/6/2024
994,Spain,26-35,6/6/2024
440,Italy,16-25,8/6/2024
543,Germany,36-45,8/6/2024
616,Germany,46-55,8/6/2024
786,Spain,56-65,8/6/2024
71,France,46-55,9/6/2024
815,Spain,26-35,9/6/2024
889,Germany,26-35,9/6/2024
228,Germany,36-45,10/6/2024
310,Spain,56-65,11/6/2024
882,Spain,56-65,11/6/2024
533,Spain,46-55,13/6/2024
134,Germany,36-45,15/6/2024
888,Spain,16-25,17/6/2024
84,Netherlands,46-55,18/6/2024
452,France,56-65,18/6/2024
431,France,46-55,19/6/2024
347,Netherlands,36-45,20/6/2024
537,Netherlands,36-45,20/6/2024
606,Germany,36-45,20/6/2024
989,Spain,46-55,20/6/2024
95,Italy,46-55,23/6/2024
919,Spain,36-45,24/6/2024
399,Italy,56-65,27/6/2024
549,Spain,46-55,28/6/2024
629,Italy,26-35,2/7/2024
443,Spain,16-25,5/7/2024
584,Italy,26-35,5/7/2024
674,Netherlands,26-35,5/7/2024
85,Italy,56-65,6/7/2024
278,Spain,56-65,6/7/2024
11,France,16-25,7/7/2024
89,France,26-35,8/7/2024
249,Netherlands,46-55,8/7/2024
495,Germany,36-45,8/7/2024
219,Netherlands,46-55,9/7/2024
66,Italy,56-65,10/7/2024
980,Italy,26-35,10/7/2024
874,Spain,16-25,12/7/2024
910,Portugal,46-55,13/7/2024
528,Spain,36-45,16/7/2024
618,Netherlands,16-25,16/7/2024
651,France,16-25,16/7/2024
716,France,26-35,17/7/2024
324,Italy,46-55,19/7/2024
669,Netherlands,36-45,19/7/2024
229,France,46-55,20/7/2024
627,Netherlands,36-45,21/7/2024
193,France,16-25,24/7/2024
382,Netherlands,56-65,25/7/2024
255,Spain,26-35,26/7/2024
803,Italy,36-45,26/7/2024
886,Italy,36-45,26/7/2024
251,Italy,16-25,31/7/2024
352,Netherlands,46-55,1/8/2024
30,Germany,26-35,2/8/2024
245,France,26-35,2/8/2024
337,Spain,46-55,3/8/2024
275,Germany,26-35,4/8/2024
222,Netherlands,16-25,5/8/2024
366,France,26-35,5/8/2024
614,Netherlands,26-35,5/8/2024
590,Germany,26-35,7/8/2024
991,Netherlands,46-55,7/8/2024
424,Italy,36-45,9/8/2024
594,Spain,56-65,11/8/2024
498,France,46-55,12/8/2024
534,Italy,56-65,12/8/2024
595,Italy,26-35,12/8/2024
944,Spain,16-25,13/8/2024
356,Germany,46-55,14/8/2024
853,Germany,26-35,14/8/2024
934,Portugal,26-35,17/8/2024
317,Italy,46-55,18/8/2024
409,Netherlands,46-55,18/8/2024
426,Spain,56-65,18/8/2024
494,Italy,36-45,18/8/2024
524,France,16-25,20/8/2024
546,France,36-45,20/8/2024
789,Portugal,16-25,20/8/2024
536,France,56-65,21/8/2024
79,Spain,16-25,23/8/2024
257,Germany,26-35,24/8/2024
429,France,36-45,24/8/2024
927,Portugal,56-65,25/8/2024
666,Germany,16-25,27/8/2024
410,Spain,16-25,28/8/2024
142,Italy,36-45,29/8/2024
446,Spain,46-55,30/8/2024
105,Italy,26-35,31/8/2024
621,Italy,36-45,3/9/2024
248,Germany,46-55,8/9/2024
276,France,36-45,8/9/2024
694,Netherlands,46-55,8/9/2024
755,France,26-35,8/9/2024
78,Netherlands,16-25,9/9/2024
778,Italy,56-65,10/9/2024
850,Netherlands,16-25,10/9/2024
368,France,26-35,11/9/2024
632,Portugal,46-55,11/9/2024
363,Netherlands,56-65,13/9/2024
56,Italy,16-25,14/9/2024
526,France,26-35,15/9/2024
680,Spain,56-65,15/9/2024
214,Spain,16-25,16/9/2024
315,Netherlands,46-55,17/9/2024
753,Netherlands,36-45,19/9/2024
179,Netherlands,46-55,20/9/2024
940,Italy,46-55,20/9/2024
145,Italy,16-25,21/9/2024
737,Italy,46-55,23/9/2024
329,Netherlands,26-35,24/9/2024
558,Italy,46-55,24/9/2024
236,Netherlands,46-55,26/9/2024
7,France,46-55,27/9/2024
87,Italy,46-55,27/9/2024
240,Netherlands,26-35,27/9/2024
136,Germany,16-25,30/9/2024
68,Italy,46-55,3/10/2024
899,Germany,26-35,3/10/2024
945,Germany,16-25,3/10/2024
266,Italy,46-55,6/10/2024
637,Portugal,56-65,6/10/2024
378,France,56-65,9/10/2024
514,France,56-65,9/10/2024
941,Italy,56-65,9/10/2024
449,Italy,46-55,10/10/2024
466,Germany,16-25,10/10/2024
950,Italy,26-35,10/10/2024
482,Italy,56-65,12/10/2024
947,Netherlands,16-25,12/10/2024
312,Germany,46-55,15/10/2024
893,Netherlands,46-55,15/10/2024
343,France,26-35,19/10/2024
61,Spain,46-55,20/10/2024
635,Portugal,36-45,20/10/2024
559,Italy,26-35,21/10/2024
250,Netherlands,36-45,22/10/2024
746,Italy,36-45,24/10/2024
290,Italy,16-25,27/10/2024
239,Netherlands,46-55,30/10/2024
775,Portugal,16-25,30/10/2024
799,France,36-45,30/10/2024
901,Spain,26-35,30/10/2024
969,Portugal,16-25,30/10/2024
111,Spain,46-55,2/11/2024
535,Germany,56-65,2/11/2024
717,Spain,46-55,3/11/2024
55,France,26-35,4/11/2024
216,Netherlands,16-25,5/11/2024
875,Italy,36-45,5/11/2024
73,Italy,26-35,9/11/2024
540,Germany,56-65,10/11/2024
140,France,16-25,11/11/2024
967,Italy,26-35,12/11/2024
532,France,26-35,13/11/2024
552,France,46-55,13/11/2024
108,France,46-55,15/11/2024
622,Netherlands,26-35,19/11/2024
644,Portugal,36-45,20/11/2024
678,Italy,46-55,21/11/2024
293,Italy,56-65,22/11/2024
441,Germany,36-45,22/11/2024
328,Germany,46-55,23/11/2024
121,Italy,16-25,24/11/2024
31,France,46-55,26/11/2024
486,Netherlands,56-65,26/11/2024
260,Netherlands,36-45,3/12/2024
724,France,56-65,3/12/2024
870,Italy,36-45,3/12/2024
159,Spain,26-35,5/12/2024
480,Spain,16-25,5/12/2024
848,Netherlands,36-45,5/12/2024
592,France,16-25,8/12/2024
57,France,16-25,9/12/2024
297,France,56-65,9/12/2024
80,Netherlands,56-65,10/12/2024
292,Germany,16-25,10/12/2024
146,Italy,56-65,11/12/2024
389,Italy,16-25,11/12/2024
708,Netherlands,36-45,11/12/2024
757,Italy,36-45,11/12/2024
491,France,36-45,13/12/2024
6,Spain,46-55,14/12/2024
679,Portugal,26-35,14/12/2024
862,France,36-45,14/12/2024
238,France,16-25,16/12/2024
406,Spain,36-45,17/12/2024
715,Germany,26-35,17/12/2024
372,Italy,36-45,24/12/2024
527,France,46-55,24/12/2024
44,Germany,26-35,25/12/2024
205,Netherlands,26-35,25/12/2024
351,France,36-45,25/12/2024
731,Portugal,36-45,25/12/2024
101,France,16-25,29/12/2024
937,France,46-55,30/12/2024
868,Portugal,16-25,31/12/2024
166,France,46-55,1/1/2025
261,France,56-65,1/1/2025
964,Spain,26-35,1/1/2025
765,Spain,56-65,3/1/2025
924,France,56-65,5/1/2025
645,Portugal,26-35,6/1/2025
34,France,56-65,7/1/2025
133,France,36-45,7/1/2025
880,Portugal,16-25,7/1/2025
998,France,36-45,7/1/2025
542,France,46-55,8/1/2025
925,France,16-25,9/1/2025
507,France,56-65,11/1/2025
929,Netherlands,26-35,11/1/2025
313,France,16-25,13/1/2025
960,Germany,56-65,13/1/2025
281,Germany,46-55,14/1/2025
395,Spain,26-35,14/1/2025
935,Italy,46-55,14/1/2025
154,France,36-45,16/1/2025
866,Spain,36-45,18/1/2025
904,Germany,26-35,18/1/2025
957,France,16-25,18/1/2025
502,France,16-25,19/1/2025
597,Netherlands,36-45,19/1/2025
675,Italy,36-45,19/1/2025
768,France,36-45,19/1/2025
64,Spain,16-25,20/1/2025
156,France,26-35,20/1/2025
568,Netherlands,26-35,20/1/2025
640,France,26-35,20/1/2025
754,Spain,26-35,20/1/2025
135,France,36-45,21/1/2025
571,Netherlands,56-65,21/1/2025
137,France,16-25,22/1/2025
209,Netherlands,46-55,22/1/2025
423,Italy,16-25,22/1/2025
432,Germany,36-45,22/1/2025
490,Germany,56-65,22/1/2025
557,Spain,56-65,22/1/2025
811,France,26-35,22/1/2025
168,France,36-45,23/1/2025
171,Italy,16-25,23/1/2025
370,Netherlands,26-35,23/1/2025
672,Germany,56-65,23/1/2025
211,France,16-25,24/1/2025
948,Spain,26-35,25/1/2025
308,Netherlands,36-45,26/1/2025
346,Italy,56-65,26/1/2025
398,Spain,16-25,26/1/2025
905,Spain,36-45,26/1/2025
243,Germany,16-25,27/1/2025
381,Germany,26-35,27/1/2025
801,Netherlands,46-55,27/1/2025
913,Portugal,26-35,27/1/2025
982,Italy,56-65,27/1/2025
444,Germany,26-35,28/1/2025
625,Portugal,46-55,28/1/2025
509,Netherlands,36-45,29/1/2025
661,Spain,16-25,29/1/2025
772,Spain,16-25,29/1/2025
820,Spain,56-65,29/1/2025
839,Germany,36-45,29/1/2025
100,Italy,26-35,30/1/2025
220,Germany,26-35,30/1/2025
172,Italy,26-35,31/1/2025
327,France,26-35,31/1/2025
456,Italy,26-35,31/1/2025
126,Netherlands,26-35,1/2/2025
371,Netherlands,36-45,1/2/2025
512,Germany,56-65,1/2/2025
894,Netherlands,36-45,1/2/2025
208,France,36-45,2/2/2025
215,Netherlands,56-65,3/2/2025
377,Spain,16-25,3/2/2025
517,Netherlands,26-35,3/2/2025
173,Germany,26-35,4/2/2025
387,France,46-55,4/2/2025
631,Portugal,36-45,4/2/2025
816,Netherlands,16-25,4/2/2025
911,Spain,36-45,4/2/2025
221,Germany,36-45,5/2/2025
288,Italy,36-45,5/2/2025
354,Germany,36-45,5/2/2025
710,France,36-45,5/2/2025
865,Netherlands,16-25,5/2/2025
51,Germany,56-65,6/2/2025
572,Netherlands,56-65,6/2/2025
598,Portugal,16-25,6/2/2025
612,Italy,36-45,6/2/2025
701,Spain,26-35,6/2/2025
707,France,46-55,6/2/2025
681,Germany,16-25,7/2/2025
809,France,36-45,7/2/2025
872,Netherlands,26-35,7/2/2025
902,Italy,16-25,7/2/2025
122,Germany,36-45,8/2/2025
397,France,36-45,8/2/2025
453,France,16-25,8/2/2025
473,France,16-25,8/2/2025
23,France,56-65,9/2/2025
305,Germany,46-55,9/2/2025
739,Portugal,26-35,9/2/2025
759,France,36-45,9/2/2025
825,Netherlands,26-35,9/2/2025
285,France,16-25,10/2/2025
334,France,16-25,10/2/2025
425,Italy,46-55,10/2/2025
497,Germany,36-45,10/2/2025
519,Italy,16-25,10/2/2025
234,Italy,26-35,11/2/2025
485,Netherlands,36-45,11/2/2025
566,Italy,36-45,11/2/2025
817,Netherlands,56-65,11/2/2025
160,Germany,56-65,12/2/2025
522,Spain,16-25,12/2/2025
608,France,26-35,12/2/2025
936,Netherlands,26-35,12/2/2025
54,Italy,26-35,13/2/2025
147,Germany,36-45,13/2/2025
180,Germany,56-65,13/2/2025
267,Spain,46-55,13/2/2025
609,Italy,56-65,13/2/2025
908,Germany,16-25,13/2/2025
19,Germany,56-65,14/2/2025
237,Germany,46-55,14/2/2025
247,Netherlands,46-55,14/2/2025
529,Netherlands,56-65,14/2/2025
96,Italy,36-45,15/2/2025
118,Italy,16-25,15/2/2025
280,Germany,26-35,15/2/2025
316,France,36-45,15/2/2025
418,France,36-45,15/2/2025
930,Netherlands,46-55,15/2/2025
226,Netherlands,16-25,16/2/2025
336,Italy,46-55,16/2/2025
400,Netherlands,16-25,16/2/2025
730,Spain,16-25,16/2/2025
60,Italy,56-65,17/2/2025
76,Germany,56-65,17/2/2025
103,France,56-65,17/2/2025
435,Netherlands,36-45,17/2/2025
493,Germany,56-65,17/2/2025
607,France,36-45,17/2/2025
646,Spain,56-65,17/2/2025
695,Spain,56-65,17/2/2025
842,Italy,46-55,17/2/2025
648,Germany,36-45,18/2/2025
744,Italy,36-45,18/2/2025
155,Germany,26-35,19/2/2025
268,Germany,46-55,19/2/2025
348,Germany,36-45,19/2/2025
619,Italy,26-35,19/2/2025
626,Italy,36-45,19/2/2025
736,Germany,26-35,19/2/2025
787,Italy,46-55,19/2/2025
861,Portugal,26-35,19/2/2025
951,Portugal,26-35,19/2/2025
954,Portugal,26-35,19/2/2025
72,Spain,36-45,20/2/2025
318,France,46-55,20/2/2025
357,Italy,36-45,20/2/2025
392,Netherlands,36-45,20/2/2025
719,Italy,26-35,20/2/2025
75,Italy,46-55,21/2/2025
231,France,16-25,21/2/2025
330,Germany,16-25,21/2/2025
628,France,46-55,21/2/2025
771,Portugal,16-25,21/2/2025
805,Germany,26-35,21/2/2025
999,Germany,56-65,21/2/2025
188,France,46-55,22/2/2025
311,Italy,26-35,22/2/2025
407,Italy,16-25,22/2/2025
554,France,56-65,22/2/2025
920,Spain,16-25,22/2/2025
199,Italy,36-45,23/2/2025
477,Spain,16-25,23/2/2025
564,Italy,26-35,23/2/2025
649,Italy,56-65,23/2/2025
705,Spain,26-35,23/2/2025
813,Germany,26-35,23/2/2025
845,Germany,26-35,23/2/2025
958,Germany,56-65,23/2/2025
988,Portugal,16-25,23/2/2025
2,France,36-45,24/2/2025
130,Germany,16-25,24/2/2025
460,Netherlands,56-65,24/2/2025
854,Portugal,36-45,24/2/2025
912,Germany,56-65,24/2/2025
373,Spain,56-65,25/2/2025
422,Netherlands,46-55,25/2/2025
699,Netherlands,56-65,25/2/2025
846,Portugal,46-55,25/2/2025
33,Italy,56-65,26/2/2025
132,France,46-55,26/2/2025
139,Germany,16-25,26/2/2025
230,France,56-65,26/2/2025
277,Italy,16-25,26/2/2025
643,Portugal,16-25,26/2/2025
830,Italy,56-65,26/2/2025
116,Netherlands,56-65,27/2/2025
152,France,26-35,27/2/2025
269,Spain,36-45,27/2/2025
270,Germany,26-35,27/2/2025
350,France,36-45,27/2/2025
492,Germany,26-35,27/2/2025
721,Netherlands,16-25,27/2/2025
990,Spain,46-55,27/2/2025
113,Germany,26-35,28/2/2025
195,France,56-65,28/2/2025
375,Germany,36-45,28/2/2025
898,Italy,36-45,28/2/2025
273,France,16-25,1/3/2025
37,Netherlands,46-55,2/3/2025
252,Italy,16-25,2/3/2025
837,Germany,46-55,2/3/2025
943,Italy,56-65,2/3/2025
953,France,16-25,2/3/2025
18,France,36-45,3/3/2025
22,Germany,36-45,3/3/2025
148,Netherlands,26-35,3/3/2025
178,Netherlands,46-55,3/3/2025
192,Spain,46-55,3/3/2025
374,Italy,16-25,3/3/2025
394,Spain,56-65,3/3/2025
417,Spain,36-45,3/3/2025
476,Germany,56-65,3/3/2025
634,Portugal,46-55,3/3/2025
783,Italy,36-45,3/3/2025
796,Netherlands,16-25,3/3/2025
802,Spain,36-45,3/3/2025
841,Spain,56-65,3/3/2025
881,Portugal,36-45,3/3/2025
832,Italy,16-25,4/3/2025
900,Germany,36-45,4/3/2025
162,Germany,36-45,5/3/2025
662,Italy,36-45,5/3/2025
818,France,46-55,5/3/2025
183,Netherlands,46-55,6/3/2025
360,France,16-25,6/3/2025
792,Italy,16-25,6/3/2025
819,Italy,46-55,6/3/2025
9,Spain,46-55,7/3/2025
167,France,46-55,7/3/2025
420,Germany,36-45,7/3/2025
833,Portugal,56-65,7/3/2025
863,Germany,16-25,7/3/2025
14,Germany,46-55,8/3/2025
415,France,36-45,8/3/2025
462,Italy,36-45,8/3/2025
658,Italy,36-45,8/3/2025
663,Netherlands,26-35,8/3/2025
700,Portugal,16-25,8/3/2025
828,France,16-25,8/3/2025
59,Germany,16-25,9/3/2025
128,Netherlands,56-65,9/3/2025
144,Germany,46-55,9/3/2025
548,Germany,36-45,9/3/2025
727,Portugal,26-35,9/3/2025
740,Spain,16-25,9/3/2025
748,Netherlands,46-55,9/3/2025
869,Netherlands,56-65,9/3/2025
436,Germany,26-35,10/3/2025
682,Portugal,16-25,10/3/2025
876,Italy,46-55,10/3/2025
4,Italy,36-45,11/3/2025
27,Italy,16-25,11/3/2025
70,Germany,26-35,11/3/2025
471,Netherlands,56-65,11/3/2025
551,France,16-25,11/3/2025
593,France,26-35,11/3/2025
624,Spain,36-45,11/3/2025
633,Spain,56-65,11/3/2025
907,Spain,46-55,11/3/2025
972,France,26-35,11/3/2025
36,France,26-35,12/3/2025
165,France,26-35,12/3/2025
225,France,26-35,12/3/2025
677,Portugal,36-45,12/3/2025
855,Spain,16-25,12/3/2025
932,France,26-35,12/3/2025
244,Netherlands,36-45,13/3/2025
271,Germany,16-25,13/3/2025
302,Germany,56-65,13/3/2025
304,France,36-45,13/3/2025
693,Netherlands,26-35,13/3/2025
939,Netherlands,56-65,13/3/2025
92,Italy,46-55,14/3/2025
198,Germany,26-35,14/3/2025
623,Netherlands,16-25,14/3/2025
798,Portugal,46-55,14/3/2025
952,Italy,16-25,14/3/2025
380,Italy,46-55,15/3/2025
475,Italy,26-35,15/3/2025
582,France,36-45,15/3/2025
652,Germany,56-65,15/3/2025
758,Portugal,36-45,15/3/2025
177,Italy,56-65,16/3/2025
463,Spain,16-25,16/3/2025
472,France,36-45,16/3/2025
657,Italy,26-35,16/3/2025
738,Netherlands,26-35,16/3/2025
892,Germany,46-55,16/3/2025
99,Spain,36-45,17/3/2025
553,France,36-45,17/3/2025
163,Italy,16-25,18/3/2025
340,Italy,46-55,18/3/2025
508,Italy,16-25,18/3/2025
510,France,16-25,18/3/2025
521,France,46-55,18/3/2025
569,France,36-45,18/3/2025
636,Spain,56-65,18/3/2025
696,France,46-55,18/3/2025
776,Portugal,56-65,18/3/2025
785,France,56-65,18/3/2025
897,France,56-65,18/3/2025
915,Spain,56-65,18/3/2025
923,Italy,46-55,18/3/2025
67,France,36-45,19/3/2025
123,Italy,26-35,19/3/2025
169,Germany,36-45,19/3/2025
218,Germany,16-25,19/3/2025
314,Germany,26-35,19/3/2025
367,Netherlands,46-55,19/3/2025
447,France,26-35,19/3/2025
501,Italy,36-45,19/3/2025
659,Portugal,46-55,19/3/2025
689,Spain,56-65,19/3/2025
104,Netherlands,56-65,20/3/2025
191,Germany,16-25,20/3/2025
349,Germany,26-35,20/3/2025
655,Italy,56-65,20/3/2025
887,Italy,16-25,20/3/2025
93,Italy,26-35,21/3/2025
97,Germany,26-35,21/3/2025
232,Spain,56-65,21/3/2025
483,Netherlands,16-25,21/3/2025
515,Germany,56-65,21/3/2025
641,Spain,36-45,21/3/2025
720,Spain,46-55,21/3/2025
851,France,46-55,21/3/2025
48,Germany,56-65,22/3/2025
182,France,46-55,22/3/2025
714,Portugal,46-55,22/3/2025
973,Italy,56-65,22/3/2025
190,Italy,26-35,23/3/2025
264,Netherlands,56-65,23/3/2025
741,Portugal,16-25,23/3/2025
965,Italy,46-55,23/3/2025
25,Italy,36-45,24/3/2025
115,Germany,56-65,24/3/2025
301,France,26-35,24/3/2025
355,Spain,36-45,24/3/2025
365,France,56-65,24/3/2025
403,Germany,26-35,24/3/2025
561,France,26-35,24/3/2025
605,Spain,26-35,24/3/2025
656,Germany,56-65,24/3/2025
843,France,16-25,24/3/2025
852,Portugal,46-55,24/3/2025
928,Netherlands,36-45,24/3/2025
961,Germany,56-65,24/3/2025
986,Netherlands,16-25,24/3/2025
259,Germany,36-45,25/3/2025
445,Italy,46-55,25/3/2025
762,Spain,36-45,25/3/2025
963,Germany,46-55,25/3/2025
161,Spain,36-45,26/3/2025
325,Germany,36-45,26/3/2025
390,Germany,46-55,26/3/2025
404,Germany,56-65,26/3/2025
427,Spain,26-35,26/3/2025
639,Italy,56-65,26/3/2025
709,Germany,36-45,26/3/2025
29,Spain,56-65,27/3/2025
117,Germany,56-65,27/3/2025
129,France,26-35,27/3/2025
186,Netherlands,46-55,27/3/2025
223,Germany,16-25,27/3/2025
233,France,26-35,27/3/2025
241,Spain,46-55,27/3/2025
284,Italy,16-25,27/3/2025
461,Germany,26-35,27/3/2025
516,Germany,36-45,27/3/2025
556,Italy,16-25,27/3/2025
838,Spain,46-55,27/3/2025
864,Netherlands,36-45,27/3/2025
867,France,46-55,27/3/2025
131,Germany,46-55,28/3/2025
386,France,36-45,28/3/2025
419,Spain,36-45,28/3/2025
474,France,36-45,28/3/2025
505,Germany,26-35,28/3/2025
734,Netherlands,46-55,28/3/2025
749,Spain,56-65,28/3/2025
770,Portugal,36-45,28/3/2025
780,Portugal,16-25,28/3/2025
782,Italy,56-65,28/3/2025
891,Portugal,46-55,28/3/2025
966,France,46-55,28/3/2025
265,Italy,46-55,29/3/2025
361,Netherlands,26-35,29/3/2025
408,Germany,46-55,29/3/2025
414,Germany,46-55,29/3/2025
518,Germany,46-55,29/3/2025
878,Germany,26-35,29/3/2025
883,Italy,56-65,29/3/2025
914,Spain,26-35,29/3/2025
997,Italy,56-65,29/3/2025
62,Spain,56-65,30/3/2025
175,Germany,16-25,30/3/2025
617,Netherlands,26-35,30/3/2025
703,Germany,16-25,30/3/2025
21,France,56-65,31/3/2025
359,France,16-25,31/3/2025
496,Italy,16-25,31/3/2025
697,Germany,56-65,31/3/2025
253,France,26-35,1/4/2025
369,Netherlands,36-45,1/4/2025
416,France,46-55,1/4/2025
531,Spain,26-35,1/4/2025
538,Netherlands,46-55,1/4/2025
718,Italy,16-25,1/4/2025
873,France,16-25,1/4/2025
28,Spain,16-25,2/4/2025
91,Netherlands,16-25,2/4/2025
151,Spain,56-65,2/4/2025
274,Germany,16-25,2/4/2025
331,Spain,56-65,2/4/2025
469,Italy,26-35,2/4/2025
688,Italy,46-55,2/4/2025
728,Netherlands,56-65,2/4/2025
733,Germany,26-35,2/4/2025
735,France,26-35,2/4/2025
956,Portugal,46-55,2/4/2025
959,Spain,26-35,2/4/2025
49,Netherlands,16-25,3/4/2025
81,Germany,46-55,3/4/2025
323,Netherlands,26-35,3/4/2025
344,Netherlands,16-25,3/4/2025
379,Germany,46-55,3/4/2025
578,Germany,16-25,3/4/2025
726,Germany,56-65,3/4/2025
946,France,16-25,3/4/2025
94,France,16-25,4/4/2025
338,Spain,26-35,4/4/2025
691,Italy,46-55,4/4/2025
903,Spain,16-25,4/4/2025
962,Portugal,56-65,4/4/2025
15,Netherlands,26-35,5/4/2025
16,Germany,26-35,5/4/2025
39,France,36-45,5/4/2025
470,Italy,56-65,5/4/2025
698,Portugal,36-45,5/4/2025
791,Portugal,16-25,5/4/2025
41,Germany,36-45,6/4/2025
107,Germany,46-55,6/4/2025
488,Germany,46-55,6/4/2025
563,Netherlands,46-55,6/4/2025
615,Portugal,46-55,6/4/2025
665,Portugal,26-35,6/4/2025
684,Netherlands,56-65,6/4/2025
773,Spain,46-55,6/4/2025
43,Germany,56-65,7/4/2025
47,Germany,26-35,7/4/2025
396,Netherlands,36-45,7/4/2025
455,Netherlands,36-45,7/4/2025
235,Italy,56-65,8/4/2025
503,Italy,16-25,8/4/2025
752,Italy,56-65,8/4/2025
871,Netherlands,26-35,8/4/2025
86,Netherlands,46-55,9/4/2025
279,France,36-45,9/4/2025
388,France,26-35,9/4/2025
393,France,46-55,9/4/2025
88,Germany,36-45,10/4/2025
217,Italy,56-65,10/4/2025
560,Germany,26-35,10/4/2025
704,Germany,16-25,10/4/2025
745,Italy,46-55,10/4/2025
750,Spain,46-55,10/4/2025
858,Germany,16-25,10/4/2025
885,Spain,56-65,10/4/2025
896,Portugal,46-55,10/4/2025
978,France,36-45,10/4/2025
58,Germany,46-55,11/4/2025
184,France,46-55,11/4/2025
242,Netherlands,46-55,11/4/2025
263,France,16-25,11/4/2025
385,Germany,46-55,11/4/2025
638,France,46-55,11/4/2025
686,Netherlands,16-25,11/4/2025
170,France,36-45,12/4/2025
187,France,26-35,12/4/2025
207,Germany,16-25,12/4/2025
588,Portugal,56-65,12/4/2025
610,France,16-25,12/4/2025
779,Netherlands,36-45,12/4/2025
112,France,26-35,13/4/2025
283,France,56-65,13/4/2025
411,Germany,56-65,13/4/2025
570,Spain,16-25,13/4/2025
601,Germany,56-65,13/4/2025
884,Spain,26-35,13/4/2025
90,Germany,36-45,14/4/2025
201,France,36-45,14/4/2025
464,Germany,36-45,14/4/2025
685,Spain,36-45,14/4/2025
725,Spain,36-45,14/4/2025
807,Germany,16-25,14/4/2025
955,Portugal,26-35,14/4/2025
124,France,36-45,15/4/2025
575,Netherlands,26-35,15/4/2025
761,Netherlands,36-45,15/4/2025
829,Portugal,26-35,15/4/2025
339,France,16-25,16/4/2025
376,Germany,36-45,16/4/2025
673,Germany,36-45,16/4/2025
968,Italy,16-25,16/4/2025
17,France,26-35,17/4/2025
109,France,26-35,17/4/2025
541,France,56-65,17/4/2025
604,Italy,46-55,17/4/2025
751,France,56-65,17/4/2025
993,Germany,16-25,17/4/2025
203,Italy,46-55,18/4/2025
309,Spain,46-55,18/4/2025
428,Spain,56-65,18/4/2025
459,France,46-55,18/4/2025
511,France,16-25,18/4/2025
611,Spain,36-45,18/4/2025
664,France,56-65,18/4/2025
840,Germany,36-45,18/4/2025
970,Germany,56-65,18/4/2025
42,Spain,46-55,19/4/2025
189,Germany,46-55,19/4/2025
401,France,26-35,19/4/2025
567,Netherlands,26-35,19/4/2025
769,Italy,46-55,19/4/2025
834,Netherlands,26-35,19/4/2025
975,Netherlands,46-55,19/4/2025
20,France,26-35,20/4/2025
341,France,16-25,20/4/2025
500,Germany,56-65,20/4/2025
620,Netherlands,56-65,20/4/2025
254,Italy,36-45,21/4/2025
504,Netherlands,16-25,21/4/2025
670,Italy,36-45,21/4/2025
827,France,46-55,21/4/2025
831,Germany,36-45,21/4/2025
857,Germany,36-45,21/4/2025
983,Germany,36-45,21/4/2025
194,Netherlands,16-25,22/4/2025
384,Germany,16-25,22/4/2025
442,Germany,16-25,22/4/2025
545,Germany,16-25,22/4/2025
227,France,46-55,23/4/2025
457,Germany,16-25,23/4/2025
525,Italy,16-25,23/4/2025
660,Italy,56-65,23/4/2025
1,France,56-65,24/4/2025
342,Netherlands,36-45,24/4/2025
729,Portugal,36-45,24/4/2025
987,Portugal,46-55,24/4/2025
574,Italy,16-25,25/4/2025
916,Spain,36-45,25/4/2025
922,Spain,16-25,25/4/2025
5,Spain,26-35,26/4/2025
46,Germany,56-65,26/4/2025
120,Germany,46-55,26/4/2025
484,France,56-65,26/4/2025
676,Portugal,26-35,26/4/2025
706,France,36-45,26/4/2025
790,France,16-25,26/4/2025
835,Portugal,46-55,26/4/2025
321,Germany,36-45,27/4/2025
35,France,26-35,28/4/2025
63,Netherlands,16-25,28/4/2025
176,Germany,26-35,28/4/2025
895,France,26-35,28/4/2025
206,Spain,36-45,29/4/2025
402,Italy,16-25,29/4/2025
413,France,16-25,29/4/2025
577,Netherlands,26-35,29/4/2025
981,Spain,26-35,29/4/2025
289,Netherlands,46-55,30/4/2025
562,Germany,16-25,30/4/2025
690,Spain,46-55,30/4/2025
822,Germany,56-65,30/4/2025
976,Italy,26-35,30/4/2025
767,Netherlands,36-45,1/5/2025
127,Netherlands,56-65,2/5/2025
246,Spain,26-35,2/5/2025
777,Spain,36-45,2/5/2025
800,Netherlands,36-45,2/5/2025
806,Italy,26-35,2/5/2025
204,Germany,16-25,3/5/2025
298,Germany,16-25,3/5/2025
906,Netherlands,46-55,3/5/2025
921,Italy,46-55,3/5/2025
106,Germany,36-45,4/5/2025
711,France,16-25,4/5/2025
743,Netherlands,16-25,4/5/2025
125,Germany,46-55,5/5/2025
654,Italy,56-65,5/5/2025
692,France,56-65,5/5/2025
804,Italy,26-35,5/5/2025
499,France,36-45,6/5/2025
580,Italy,46-55,6/5/2025
826,Portugal,26-35,7/5/2025
565,Spain,46-55,8/5/2025
996,Germany,16-25,8/5/2025
65,Spain,16-25,9/5/2025
451,France,36-45,9/5/2025
481,France,56-65,9/5/2025
587,Germany,36-45,9/5/2025
602,Portugal,16-25,9/5/2025
687,France,26-35,9/5/2025
793,Italy,36-45,10/5/2025
823,Germany,46-55,10/5/2025
157,Italy,56-65,11/5/2025
439,Germany,36-45,11/5/2025
53,Italy,46-55,12/5/2025
613,Netherlands,16-25,12/5/2025
653,Portugal,36-45,12/5/2025
764,France,26-35,12/5/2025
256,Italy,16-25,13/5/2025
795,Germany,36-45,13/5/2025
877,France,26-35,13/5/2025
642,Portugal,46-55,14/5/2025
992,Italy,36-45,14/5/2025
596,Italy,26-35,15/5/2025
196,Italy,16-25,16/5/2025
202,Netherlands,36-45,16/5/2025
489,Germany,56-65,17/5/2025
294,Italy,16-25,18/5/2025
143,Netherlands,56-65,19/5/2025
836,Germany,56-65,20/5/2025
69,Germany,16-25,21/5/2025
153,France,26-35,21/5/2025
158,Netherlands,26-35,21/5/2025
438,Germany,16-25,21/5/2025
774,Portugal,46-55,21/5/2025
879,Netherlands,46-55,21/5/2025
506,France,26-35,22/5/2025
547,France,36-45,22/5/2025
647,France,16-25,23/5/2025
272,Netherlands,56-65,25/5/2025
849,Italy,56-65,25/5/2025
258,Netherlands,46-55,26/5/2025
174,Germany,26-35,27/5/2025
581,Germany,56-65,27/5/2025
296,France,16-25,2/6/2025
974,Italy,26-35,2/6/2025
38,Spain,26-35,3/6/2025
74,France,36-45,6/6/2025
150,France,46-55,6/6/2025
702,Portugal,46-55,8/6/2025
326,Italy,26-35,9/6/2025
467,Spain,26-35,9/6/2025
12,Germany,46-55,11/6/2025
181,Italy,36-45,12/6/2025
513,France,46-55,12/6/2025
